Domain,IP
occ-0-3524-64.1.nflxso.net,1.9.243.61
occ-0-3524-642.1.nflxso.net,1.9.243.63
occ-0-4153-5805.1.nflxso.net,1.9.243.65
occ-0-3523-5804.1.nflxso.net,1.9.243.73
occ-0-3523-5805.1.nflxso.net,1.9.243.73
occ-0-3523-585.1.nflxso.net,1.9.243.75
occ-0-3523-641.1.nflxso.net,1.9.243.75
occ-0-3523-5803.1.nflxso.net,1.9.243.75
occ-1-2203-58.1.nflxso.net,1.9.243.77
occ-0-2204-643.1.nflxso.net,1.9.243.87
occ-0-3417-3951.1.nflxso.net,1.37.34.170
occ-0-3769-3954.1.nflxso.net,1.37.35.6
occ-0-3769-3251.1.nflxso.net,1.37.35.6
occ-0-3929-1723.1.nflxso.net,23.29.220.194
occ-1-116-1141.1.nflxso.net,23.246.2.145
occ-0-116-114.1.nflxso.net,23.246.2.146
occ-0-116-273.1.nflxso.net,23.246.2.148
occ-0-116-27.1.nflxso.net,23.246.2.148
occ-1-116-1145.1.nflxso.net,23.246.2.150
occ-0-116-1145.1.nflxso.net,23.246.2.193
occ-0-116-275.1.nflxso.net,23.246.2.195
occ-2-116-1144.1.nflxso.net,23.246.2.195
occ-0-116-2703.1.nflxso.net,23.246.2.196
occ-0-116-2430.1.nflxso.net,23.246.2.196
occ-0-116-272.1.nflxso.net,23.246.2.197
occ-0-116-2705.1.nflxso.net,23.246.2.198
occ-2-114-1165.1.nflxso.net,23.246.3.200
occ-0-999-444.1.nflxso.net,23.246.6.135
occ-0-999-4443.1.nflxso.net,23.246.6.139
occ-0-999-4442.1.nflxso.net,23.246.6.140
occ-0-999-448.1.nflxso.net,23.246.6.142
occ-0-999-4481.1.nflxso.net,23.246.6.144
occ-0-1001-4481.1.nflxso.net,23.246.7.137
occ-0-843-1001.1.nflxso.net,23.246.7.143
occ-0-586-5905.1.nflxso.net,23.246.11.133
occ-0-586-5901.1.nflxso.net,23.246.11.138
occ-0-37-2219.1.nflxso.net,23.246.15.132
occ-0-37-334.1.nflxso.net,23.246.15.182
occ-0-37-335.1.nflxso.net,23.246.15.193
occ-0-621-6163.1.nflxso.net,23.246.17.151
occ-0-38-4105.1.nflxso.net,23.246.26.132
occ-1-38-411.1.nflxso.net,23.246.26.133
occ-0-38-4102.1.nflxso.net,23.246.26.133
occ-1-38-4101.1.nflxso.net,23.246.26.134
occ-1-138-38.1.nflxso.net,23.246.26.134
occ-2-38-412.1.nflxso.net,23.246.26.134
occ-0-38-4103.1.nflxso.net,23.246.26.138
occ-1-38-413.1.nflxso.net,23.246.26.148
occ-0-138-38.1.nflxso.net,23.246.26.148
occ-2-38-4103.1.nflxso.net,23.246.26.152
occ-0-41-3803.1.nflxso.net,23.246.27.131
occ-0-41-3804.1.nflxso.net,23.246.27.134
occ-1-41-3802.1.nflxso.net,23.246.27.135
occ-0-41-3802.1.nflxso.net,23.246.27.138
occ-2-41-3803.1.nflxso.net,23.246.27.138
occ-0-41-382.1.nflxso.net,23.246.27.139
occ-2-41-381.1.nflxso.net,23.246.27.148
occ-1-41-3803.1.nflxso.net,23.246.27.148
occ-1-41-382.1.nflxso.net,23.246.27.162
occ-1-41-38.1.nflxso.net,23.246.27.162
occ-0-448-4442.1.nflxso.net,23.246.30.141
occ-0-448-4443.1.nflxso.net,23.246.30.143
occ-0-448-444.1.nflxso.net,23.246.30.148
occ-0-444-4651.1.nflxso.net,23.246.31.143
occ-0-444-4481.1.nflxso.net,23.246.31.150
occ-0-132-1239.1.nflxso.net,23.246.44.141
occ-0-1729-1239.1.nflxso.net,23.246.45.132
occ-0-780-1239.1.nflxso.net,23.246.45.134
occ-0-983-1239.1.nflxso.net,23.246.45.135
occ-0-1239-132.1.nflxso.net,23.246.45.137
occ-0-988-2218.1.nflxso.net,23.246.46.149
occ-0-988-1360.1.nflxso.net,23.246.46.171
occ-0-993-3255.1.nflxso.net,23.246.47.170
occ-0-993-3252.1.nflxso.net,23.246.47.177
occ-2-993-988.1.nflxso.net,23.246.47.177
occ-1-358-3604.1.nflxso.net,23.246.48.150
occ-0-358-3605.1.nflxso.net,23.246.48.172
occ-0-360-5504.1.nflxso.net,23.246.49.132
occ-1-360-3582.1.nflxso.net,23.246.49.133
occ-0-360-5505.1.nflxso.net,23.246.49.159
occ-0-360-55.1.nflxso.net,23.246.49.166
occ-2-360-358.1.nflxso.net,23.246.49.168
occ-1-360-3584.1.nflxso.net,23.246.49.168
occ-0-360-551.1.nflxso.net,23.246.49.170
occ-0-778-1490.1.nflxso.net,23.246.50.131
occ-2-778-4011.1.nflxso.net,23.246.50.174
occ-1-778-1490.1.nflxso.net,23.246.50.177
occ-0-778-3994.1.nflxso.net,23.246.50.178
occ-0-58-3996.1.nflxso.net,23.246.54.132
occ-2-58-642.1.nflxso.net,23.246.54.133
occ-0-2772-58.1.nflxso.net,23.246.54.134
occ-1-58-645.1.nflxso.net,23.246.54.141
occ-0-58-1007.1.nflxso.net,23.246.54.143
occ-1-58-642.1.nflxso.net,23.246.54.143
occ-0-58-778.1.nflxso.net,23.246.54.163
occ-0-5024-58.1.nflxso.net,23.246.54.164
occ-2-58-643.1.nflxso.net,23.246.54.165
occ-1-64-5801.1.nflxso.net,23.246.55.133
occ-1-64-584.1.nflxso.net,23.246.55.133
occ-0-64-584.1.nflxso.net,23.246.55.134
occ-2-64-5805.1.nflxso.net,23.246.55.134
occ-0-64-5801.1.nflxso.net,23.246.55.138
occ-0-64-582.1.nflxso.net,23.246.55.139
occ-0-64-585.1.nflxso.net,23.246.55.162
occ-0-4290-64.1.nflxso.net,23.246.55.163
occ-1-64-58.1.nflxso.net,23.246.55.165
occ-0-64-581.1.nflxso.net,23.246.55.165
occ-0-64-5803.1.nflxso.net,23.246.55.165
occ-2-64-582.1.nflxso.net,23.246.55.165
occ-0-395-3254.1.nflxso.net,23.246.56.148
occ-0-395-325.1.nflxso.net,23.246.56.150
occ-1-395-325.1.nflxso.net,23.246.56.151
occ-1-395-3254.1.nflxso.net,23.246.56.155
occ-1-395-1009.1.nflxso.net,23.246.56.165
occ-0-395-3253.1.nflxso.net,23.246.56.165
occ-2-1570-395.1.nflxso.net,23.246.56.166
occ-0-325-988.1.nflxso.net,23.246.57.148
occ-0-2627-325.1.nflxso.net,23.246.57.149
occ-0-325-3955.1.nflxso.net,23.246.57.160
occ-0-2219-3003.1.nflxso.net,23.246.58.178
occ-0-3150-90.1.nflxso.net,24.52.151.114
occ-0-5024-584.1.nflxso.net,24.55.100.90
occ-0-2227-584.1.nflxso.net,24.55.100.90
occ-0-2771-584.1.nflxso.net,24.55.100.94
occ-0-2229-584.1.nflxso.net,24.55.100.94
occ-0-2574-584.1.nflxso.net,24.55.100.94
occ-0-1505-990.1.nflxso.net,24.192.152.49
occ-0-503-1001.1.nflxso.net,24.226.64.26
occ-0-1015-3003.1.nflxso.net,31.55.184.17
occ-0-4228-1490.1.nflxso.net,31.193.167.22
cfpancovxtvlqc7f5h7wg-use1.r.nflxso.net,34.240.82.124
occ-0-4152-643.1.nflxso.net,36.37.253.238
occ-0-4152-3951.1.nflxso.net,36.37.253.238
occ-0-4152-395.1.nflxso.net,36.37.253.242
occ-0-4152-3955.1.nflxso.net,36.37.253.242
occ-1-299-3002.1.nflxso.net,37.77.186.160
occ-1-299-999.1.nflxso.net,37.77.186.165
occ-0-299-778.1.nflxso.net,37.77.186.172
occ-2-299-3001.1.nflxso.net,37.77.186.175
occ-0-299-3003.1.nflxso.net,37.77.186.175
occ-0-979-300.1.nflxso.net,37.77.187.144
occ-0-300-2993.1.nflxso.net,37.77.187.144
occ-2-300-2993.1.nflxso.net,37.77.187.144
occ-1-300-4011.1.nflxso.net,37.77.187.150
occ-0-1349-300.1.nflxso.net,37.77.187.151
occ-1-300-2993.1.nflxso.net,37.77.187.151
occ-0-300-4015.1.nflxso.net,37.77.187.151
occ-1-300-299.1.nflxso.net,37.77.187.153
occ-2-300-2995.1.nflxso.net,37.77.187.154
occ-0-300-1335.1.nflxso.net,37.77.187.156
occ-2-300-1335.1.nflxso.net,37.77.187.156
occ-2-300-2992.1.nflxso.net,37.77.187.160
occ-2-300-2991.1.nflxso.net,37.77.187.170
occ-2-300-299.1.nflxso.net,37.77.187.171
occ-0-1189-903.1.nflxso.net,40.136.117.129
occ-0-1189-90.1.nflxso.net,40.136.117.129
occ-0-1633-58.1.nflxso.net,43.245.105.9
occ-0-1633-5805.1.nflxso.net,43.245.105.13
occ-0-1633-5803.1.nflxso.net,43.245.105.13
occ-0-1634-5803.1.nflxso.net,43.245.105.15
occ-0-1634-584.1.nflxso.net,43.245.105.15
occ-0-753-114.1.nflxso.net,43.250.234.60
occ-0-753-1007.1.nflxso.net,43.250.234.61
occ-0-1168-3004.1.nflxso.net,45.57.1.136
occ-0-1168-3003.1.nflxso.net,45.57.1.138
occ-0-1168-1217.1.nflxso.net,45.57.1.151
occ-0-1168-299.1.nflxso.net,45.57.1.164
occ-2-34-325.1.nflxso.net,45.57.4.137
occ-1-34-325.1.nflxso.net,45.57.4.138
occ-0-34-3204.1.nflxso.net,45.57.4.140
occ-1-34-323.1.nflxso.net,45.57.4.146
occ-1-34-3204.1.nflxso.net,45.57.4.147
occ-2-32-34.1.nflxso.net,45.57.5.145
occ-2-32-3401.1.nflxso.net,45.57.5.153
occ-0-1123-1740.1.nflxso.net,45.57.6.173
f.ns.nflxso.net,45.57.9.1
occ-0-1217-1218.1.nflxso.net,45.57.12.147
occ-2-1218-1217.1.nflxso.net,45.57.13.138
occ-0-1490-4014.1.nflxso.net,45.57.16.133
occ-0-1490-4015.1.nflxso.net,45.57.16.134
occ-1-1490-401.1.nflxso.net,45.57.16.136
occ-0-1490-4013.1.nflxso.net,45.57.16.161
occ-2-1489-1490.1.nflxso.net,45.57.17.132
occ-1-1489-1490.1.nflxso.net,45.57.17.164
occ-0-1347-1348.1.nflxso.net,45.57.19.152
occ-2-1336-1335.1.nflxso.net,45.57.20.156
occ-0-1328-2430.1.nflxso.net,45.57.24.170
occ-1-1327-990.1.nflxso.net,45.57.25.169
occ-0-1340-1339.1.nflxso.net,45.57.26.157
occ-0-1361-2219.1.nflxso.net,45.57.28.155
occ-0-1360-1361.1.nflxso.net,45.57.29.134
occ-2-754-1500.1.nflxso.net,45.57.36.142
occ-1-1501-1500.1.nflxso.net,45.57.37.135
occ-0-1480-1479.1.nflxso.net,45.57.38.164
gfpfzlvprjvirusqd2ctq-usw2.r.nflxso.net,45.57.40.1
ifpencovsaavpm5qf4xa76cojzckj5bv4fbtskny-usw2.r.nflxso.net,45.57.41.1
occ-2-1722-905.1.nflxso.net,45.57.44.139
occ-2-1722-903.1.nflxso.net,45.57.44.140
occ-0-1722-1001.1.nflxso.net,45.57.44.158
occ-1-1722-901.1.nflxso.net,45.57.44.161
occ-0-1723-1001.1.nflxso.net,45.57.45.140
occ-1-1723-905.1.nflxso.net,45.57.45.140
occ-1-1723-1001.1.nflxso.net,45.57.45.143
occ-1-1723-901.1.nflxso.net,45.57.45.143
occ-0-1723-902.1.nflxso.net,45.57.45.153
occ-0-1723-924.1.nflxso.net,45.57.45.153
occ-2-1723-1001.1.nflxso.net,45.57.45.155
occ-2-1723-901.1.nflxso.net,45.57.45.157
occ-2-1723-903.1.nflxso.net,45.57.45.157
occ-0-1723-905.1.nflxso.net,45.57.45.163
occ-2-1723-904.1.nflxso.net,45.57.45.163
occ-2-2182-2164.1.nflxso.net,45.57.50.148
occ-1-2164-2186.1.nflxso.net,45.57.50.151
occ-0-2219-1007.1.nflxso.net,45.57.58.140
occ-0-2218-2219.1.nflxso.net,45.57.59.152
occ-0-2218-2794.1.nflxso.net,45.57.59.162
occ-0-2430-1165.1.nflxso.net,45.57.62.130
occ-0-2430-61.1.nflxso.net,45.57.62.131
occ-1-2430-2433.1.nflxso.net,45.57.62.133
occ-0-21-2430.1.nflxso.net,45.57.62.138
occ-0-2430-605.1.nflxso.net,45.57.62.141
occ-0-3616-2430.1.nflxso.net,45.57.62.147
occ-0-2430-990.1.nflxso.net,45.57.62.148
occ-0-2430-116.1.nflxso.net,45.57.62.219
occ-0-2430-602.1.nflxso.net,45.57.62.225
occ-0-3829-2430.1.nflxso.net,45.57.62.227
occ-0-2430-63.1.nflxso.net,45.57.62.227
occ-0-683-2430.1.nflxso.net,45.57.62.232
occ-0-2433-1001.1.nflxso.net,45.57.63.140
occ-0-2433-444.1.nflxso.net,45.57.63.147
occ-2-2433-1001.1.nflxso.net,45.57.63.152
occ-0-2433-90.1.nflxso.net,45.57.63.224
occ-0-2433-4483.1.nflxso.net,45.57.63.228
occ-2-2577-2705.1.nflxso.net,45.57.68.161
occ-0-2705-2433.1.nflxso.net,45.57.68.161
occ-0-2568-2567.1.nflxso.net,45.57.70.132
occ-0-2773-1490.1.nflxso.net,45.57.74.200
occ-0-2773-3001.1.nflxso.net,45.57.74.210
occ-2-2773-3002.1.nflxso.net,45.57.74.222
occ-2-2773-3003.1.nflxso.net,45.57.74.225
occ-1-2774-2773.1.nflxso.net,45.57.75.196
occ-0-3467-3466.1.nflxso.net,45.57.80.149
occ-0-3188-3187.1.nflxso.net,45.57.83.146
occ-0-3419-990.1.nflxso.net,45.57.89.169
occ-2-1068-905.1.nflxso.net,45.57.90.1
occ-0-2574-5805.1.nflxso.net,45.57.90.1
occ-2-401-399.1.nflxso.net,45.57.90.1
occ-0-2843-581.1.nflxso.net,45.57.90.1
occ-0-921-923.1.nflxso.net,45.57.90.1
occ-0-2422-5903.1.nflxso.net,45.57.90.1
occ-0-2586-3952.1.nflxso.net,45.57.90.1
occ-0-4290-5802.1.nflxso.net,45.57.90.1
occ-0-2084-5803.1.nflxso.net,45.57.90.1
occ-2-138-3995.1.nflxso.net,45.57.90.1
occ-0-2084-641.1.nflxso.net,45.57.90.1
occ-0-28-3995.1.nflxso.net,45.57.90.1
occ-0-2227-5805.1.nflxso.net,45.57.90.1
occ-1-1570-3254.1.nflxso.net,45.57.90.1
occ-0-28-2702.1.nflxso.net,45.57.90.1
occ-0-2084-581.1.nflxso.net,45.57.90.1
occ-0-2574-5802.1.nflxso.net,45.57.90.1
occ-0-1344-5901.1.nflxso.net,45.57.91.1
occ-0-1077-1062.1.nflxso.net,45.57.91.1
occ-0-2577-281.1.nflxso.net,45.57.91.1
occ-1-27-28.1.nflxso.net,45.57.91.1
occ-1-138-3995.1.nflxso.net,45.57.91.1
occ-1-921-923.1.nflxso.net,45.57.91.1
occ-2-2577-27.1.nflxso.net,45.57.91.1
occ-2-1068-903.1.nflxso.net,45.57.91.1
occ-0-2229-5804.1.nflxso.net,45.57.91.1
occ-0-1473-641.1.nflxso.net,45.57.91.1
occ-0-1473-5805.1.nflxso.net,45.57.91.1
occ-0-2422-5901.1.nflxso.net,45.57.91.1
occ-0-2627-345.1.nflxso.net,45.57.91.1
occ-0-138-3993.1.nflxso.net,45.57.91.1
occ-0-1190-5803.1.nflxso.net,45.57.91.1
occ-1-1062-1077.1.nflxso.net,45.57.91.1
occ-0-3446-3451.1.nflxso.net,45.57.91.1
occ-0-2586-3254.1.nflxso.net,45.57.91.1
occ-0-4003-4004.1.nflxso.net,45.57.92.132
occ-0-3679-90.1.nflxso.net,45.57.94.148
occ-0-3679-902.1.nflxso.net,45.57.94.153
occ-0-3996-2219.1.nflxso.net,45.57.100.146
occ-0-3996-830.1.nflxso.net,45.57.100.178
occ-0-2794-3997.1.nflxso.net,45.57.101.168
occ-0-3997-993.1.nflxso.net,45.57.101.169
occ-0-3934-2704.1.nflxso.net,45.57.102.199
occ-0-3934-2705.1.nflxso.net,45.57.102.201
occ-0-3934-27.1.nflxso.net,45.57.102.201
occ-0-92-1723.1.nflxso.net,45.57.121.139
occ-0-2237-3252.1.nflxso.net,45.64.21.84
occ-0-2237-3952.1.nflxso.net,45.64.21.84
occ-0-2237-3253.1.nflxso.net,45.64.21.84
occ-0-2237-3954.1.nflxso.net,45.64.21.84
occ-0-2237-3955.1.nflxso.net,45.64.21.84
occ-0-1981-644.1.nflxso.net,45.121.219.34
occ-0-1981-64.1.nflxso.net,45.121.219.35
occ-0-1981-585.1.nflxso.net,45.121.219.36
occ-0-4195-643.1.nflxso.net,45.124.59.254
occ-0-1926-4104.1.nflxso.net,46.59.50.133
occ-0-1926-41.1.nflxso.net,46.59.50.135
occ-0-1926-414.1.nflxso.net,46.59.50.149
occ-0-4991-642.1.nflxso.net,49.231.56.6
occ-0-1983-5801.1.nflxso.net,49.231.114.6
occ-0-1983-643.1.nflxso.net,49.231.114.7
occ-0-1982-582.1.nflxso.net,49.231.121.6
occ-0-1982-643.1.nflxso.net,49.231.121.6
occ-0-2062-3002.1.nflxso.net,51.148.80.18
occ-0-2061-3002.1.nflxso.net,51.148.80.22
occ-0-2061-3004.1.nflxso.net,51.148.92.1
occ-0-2061-300.1.nflxso.net,51.148.92.1
occ-0-2062-3001.1.nflxso.net,51.148.92.3
occ-0-2062-3005.1.nflxso.net,51.148.92.3
occ-0-2203-5801.1.nflxso.net,58.27.11.173
occ-1-2203-5803.1.nflxso.net,58.27.11.173
occ-0-3524-585.1.nflxso.net,58.27.11.177
occ-0-4153-585.1.nflxso.net,58.27.11.179
occ-0-4153-5801.1.nflxso.net,58.27.11.179
occ-0-4214-5802.1.nflxso.net,58.27.11.181
occ-2-2203-645.1.nflxso.net,58.27.11.183
occ-0-2203-581.1.nflxso.net,58.27.11.183
occ-0-2203-58.1.nflxso.net,58.27.11.183
occ-0-4214-585.1.nflxso.net,58.27.11.203
occ-0-4214-58.1.nflxso.net,58.27.11.203
occ-0-3089-5803.1.nflxso.net,58.27.199.114
occ-0-3089-582.1.nflxso.net,58.27.199.114
occ-0-3089-643.1.nflxso.net,58.27.199.114
occ-0-2577-284.1.nflxso.net,58.162.16.135
occ-2-2577-284.1.nflxso.net,58.162.16.223
occ-0-3631-5802.1.nflxso.net,61.5.143.130
occ-0-3631-643.1.nflxso.net,61.5.143.242
occ-0-3631-642.1.nflxso.net,61.5.143.242
occ-0-3631-645.1.nflxso.net,61.5.143.243
occ-0-3083-645.1.nflxso.net,61.6.255.62
occ-0-3083-5802.1.nflxso.net,61.6.255.70
occ-0-3083-585.1.nflxso.net,61.6.255.70
occ-0-3083-642.1.nflxso.net,61.6.255.70
occ-0-3177-3603.1.nflxso.net,62.42.250.233
occ-0-3490-3005.1.nflxso.net,62.75.21.18
occ-0-3490-3003.1.nflxso.net,62.75.21.22
occ-0-179-2991.1.nflxso.net,62.254.59.27
occ-2-27-283.1.nflxso.net,63.135.48.50
occ-0-283-1007.1.nflxso.net,63.135.48.53
occ-0-393-1007.1.nflxso.net,64.50.224.197
occ-1-138-383.1.nflxso.net,64.53.14.3
occ-0-2084-583.1.nflxso.net,64.136.255.34
occ-0-1190-583.1.nflxso.net,64.136.255.35
occ-0-2116-586.1.nflxso.net,65.19.225.247
occ-0-2116-5861.1.nflxso.net,65.19.225.247
occ-0-2116-5862.1.nflxso.net,65.19.225.247
occ-0-5024-582.1.nflxso.net,66.76.34.149
occ-0-1256-901.1.nflxso.net,66.76.214.69
occ-0-1114-1009.1.nflxso.net,66.112.177.187
occ-0-1114-1007.1.nflxso.net,66.112.177.188
occ-0-1189-904.1.nflxso.net,66.217.166.67
occ-0-3295-902.1.nflxso.net,69.49.90.146
occ-0-3295-903.1.nflxso.net,69.49.90.146
occ-0-1534-2219.1.nflxso.net,69.59.196.18
occ-0-1711-1009.1.nflxso.net,69.168.185.33
occ-0-772-1722.1.nflxso.net,69.168.188.4
occ-0-1782-2218.1.nflxso.net,71.33.48.193
occ-0-2114-1009.1.nflxso.net,71.33.49.131
occ-0-2083-1009.1.nflxso.net,71.33.51.27
occ-0-4534-1361.1.nflxso.net,72.19.50.38
occ-0-2680-5901.1.nflxso.net,72.36.7.50
occ-0-2680-590.1.nflxso.net,72.36.7.249
occ-0-3291-903.1.nflxso.net,72.240.7.139
occ-0-3291-904.1.nflxso.net,72.240.7.139
occ-0-3291-901.1.nflxso.net,72.240.7.140
occ-0-1881-5804.1.nflxso.net,72.255.60.2
occ-0-1881-64.1.nflxso.net,72.255.60.2
occ-0-1881-583.1.nflxso.net,72.255.60.2
occ-0-2423-5901.1.nflxso.net,74.213.193.190
occ-0-2423-5902.1.nflxso.net,74.213.193.190
occ-0-2423-590.1.nflxso.net,74.213.193.190
occ-0-2717-360.1.nflxso.net,77.224.146.57
occ-0-3408-360.1.nflxso.net,77.227.218.73
occ-0-2717-3603.1.nflxso.net,77.227.218.203
occ-0-1696-300.1.nflxso.net,78.146.118.1
occ-0-1696-3001.1.nflxso.net,78.146.118.1
occ-0-1696-3003.1.nflxso.net,78.146.118.1
occ-0-3954-3002.1.nflxso.net,78.146.118.3
occ-0-1686-3003.1.nflxso.net,78.146.118.9
occ-0-1657-3005.1.nflxso.net,78.146.118.21
occ-0-1647-3001.1.nflxso.net,78.146.118.23
occ-0-1647-300.1.nflxso.net,78.146.118.23
occ-2-1570-3951.1.nflxso.net,78.146.118.37
occ-0-3956-3005.1.nflxso.net,78.146.118.41
occ-0-3953-3004.1.nflxso.net,78.146.118.43
occ-0-3950-3001.1.nflxso.net,78.146.118.47
occ-0-3950-3005.1.nflxso.net,78.146.118.49
occ-0-3959-3003.1.nflxso.net,78.146.118.51
occ-0-3959-3002.1.nflxso.net,78.146.118.53
occ-2-1570-3955.1.nflxso.net,78.146.118.55
occ-0-3954-300.1.nflxso.net,78.146.118.61
occ-0-1662-3002.1.nflxso.net,78.146.118.65
occ-0-1639-3003.1.nflxso.net,78.146.118.67
occ-0-1676-3001.1.nflxso.net,78.146.118.71
occ-0-1640-3001.1.nflxso.net,78.146.118.83
occ-0-1641-3001.1.nflxso.net,78.146.118.87
occ-0-1642-3003.1.nflxso.net,78.146.118.95
occ-0-1072-3003.1.nflxso.net,78.146.118.105
occ-0-1072-3005.1.nflxso.net,78.146.118.107
occ-0-1606-3003.1.nflxso.net,78.146.119.87
occ-0-1606-3005.1.nflxso.net,78.146.119.87
occ-0-1608-3005.1.nflxso.net,78.146.119.105
occ-0-1640-3005.1.nflxso.net,78.146.119.107
occ-0-1602-300.1.nflxso.net,78.146.119.115
occ-0-1597-300.1.nflxso.net,78.146.119.123
occ-0-1659-3004.1.nflxso.net,78.146.119.155
occ-0-1659-3003.1.nflxso.net,78.146.119.157
occ-0-1658-300.1.nflxso.net,78.146.119.159
occ-0-1658-3005.1.nflxso.net,78.146.119.159
occ-0-1662-3004.1.nflxso.net,78.146.119.167
occ-0-1660-3001.1.nflxso.net,78.146.119.173
occ-0-1663-300.1.nflxso.net,78.146.119.179
occ-0-1676-3005.1.nflxso.net,78.146.119.183
occ-0-1676-300.1.nflxso.net,78.146.119.185
occ-0-1678-3001.1.nflxso.net,78.146.119.187
occ-0-1679-3004.1.nflxso.net,78.146.119.193
occ-0-1681-3003.1.nflxso.net,78.146.119.201
occ-0-1683-300.1.nflxso.net,78.146.119.207
occ-0-1683-3001.1.nflxso.net,78.146.119.209
occ-0-1685-300.1.nflxso.net,78.146.119.211
occ-0-1686-3004.1.nflxso.net,78.146.119.215
occ-0-1686-3002.1.nflxso.net,78.146.119.217
occ-0-1691-300.1.nflxso.net,78.146.119.237
occ-0-1692-3005.1.nflxso.net,78.146.119.241
occ-0-1693-3001.1.nflxso.net,78.146.119.247
occ-0-1695-3005.1.nflxso.net,78.146.119.251
occ-0-1695-3003.1.nflxso.net,78.146.119.251
occ-0-1695-3002.1.nflxso.net,78.146.119.253
occ-0-760-4013.1.nflxso.net,79.160.115.97
occ-1-760-415.1.nflxso.net,79.160.115.97
occ-1-760-4011.1.nflxso.net,79.160.115.97
occ-0-760-4101.1.nflxso.net,79.160.115.97
occ-0-760-413.1.nflxso.net,79.160.115.99
occ-0-760-4011.1.nflxso.net,79.160.115.99
occ-0-260-411.1.nflxso.net,79.160.115.103
occ-0-260-4102.1.nflxso.net,79.160.115.103
occ-0-934-3003.1.nflxso.net,80.3.159.253
occ-0-934-3002.1.nflxso.net,80.3.159.255
occ-1-1853-2991.1.nflxso.net,80.179.80.14
occ-1-1855-2992.1.nflxso.net,80.179.81.13
occ-0-1855-3001.1.nflxso.net,80.179.81.13
occ-2-1855-3003.1.nflxso.net,80.179.81.14
occ-0-1855-2992.1.nflxso.net,80.179.81.14
occ-0-1855-2993.1.nflxso.net,80.179.81.14
occ-2-1855-3005.1.nflxso.net,80.179.81.14
occ-0-3281-3602.1.nflxso.net,81.45.152.40
occ-0-3281-3603.1.nflxso.net,81.45.152.46
occ-0-3282-360.1.nflxso.net,81.45.152.108
occ-0-3282-3604.1.nflxso.net,81.45.152.112
occ-0-1447-3005.1.nflxso.net,81.130.96.65
occ-0-1448-3002.1.nflxso.net,81.130.98.19
occ-0-1448-3005.1.nflxso.net,81.130.98.19
occ-0-1448-3003.1.nflxso.net,81.130.98.63
occ-0-1444-3003.1.nflxso.net,81.130.100.61
occ-0-1675-3004.1.nflxso.net,81.130.102.23
occ-0-1675-3005.1.nflxso.net,81.130.102.69
occ-0-1430-300.1.nflxso.net,81.130.104.35
occ-0-1430-3001.1.nflxso.net,81.130.104.59
occ-0-2585-3002.1.nflxso.net,81.130.108.29
occ-0-2585-3004.1.nflxso.net,81.130.108.59
occ-0-3697-1853.1.nflxso.net,82.102.133.108
occ-2-1853-3001.1.nflxso.net,82.102.133.116
occ-0-1855-3002.1.nflxso.net,82.102.151.36
occ-2-1855-299.1.nflxso.net,82.102.151.36
occ-1-1855-2995.1.nflxso.net,82.102.151.44
occ-0-1855-2995.1.nflxso.net,82.102.151.116
occ-0-3136-3002.1.nflxso.net,82.148.126.154
occ-0-4054-1218.1.nflxso.net,83.147.146.42
occ-0-2851-3803.1.nflxso.net,84.15.67.164
occ-1-279-3001.1.nflxso.net,86.0.0.5
occ-0-210-300.1.nflxso.net,86.0.16.9
occ-0-1091-2994.1.nflxso.net,86.0.44.9
occ-0-1091-1168.1.nflxso.net,86.0.44.9
occ-0-461-3002.1.nflxso.net,86.189.118.23
occ-1-53-768.1.nflxso.net,87.245.243.39
occ-0-2627-341.1.nflxso.net,88.83.65.94
occ-0-1927-1490.1.nflxso.net,89.96.194.138
occ-0-3015-3601.1.nflxso.net,90.163.126.145
occ-0-3015-3603.1.nflxso.net,90.163.126.145
occ-0-1149-3004.1.nflxso.net,90.211.178.35
occ-0-1149-300.1.nflxso.net,90.211.178.38
occ-0-1176-3001.1.nflxso.net,90.211.178.51
occ-0-1030-3005.1.nflxso.net,90.222.205.98
occ-0-2007-3001.1.nflxso.net,90.222.205.130
occ-0-2007-3002.1.nflxso.net,90.222.205.162
occ-0-2428-3004.1.nflxso.net,90.222.206.66
occ-0-2428-3001.1.nflxso.net,90.222.206.66
occ-0-1082-3005.1.nflxso.net,90.223.190.153
occ-2-1705-3003.1.nflxso.net,90.223.190.195
occ-0-1386-3004.1.nflxso.net,90.244.159.194
occ-2-1386-3005.1.nflxso.net,90.244.159.194
occ-1-1386-3001.1.nflxso.net,90.244.159.198
occ-0-1393-3005.1.nflxso.net,90.255.254.10
occ-0-2009-3004.1.nflxso.net,90.255.254.114
occ-1-1985-3604.1.nflxso.net,91.126.247.26
occ-0-1985-3605.1.nflxso.net,91.126.247.26
occ-0-1985-358.1.nflxso.net,91.126.247.33
occ-0-2432-3005.1.nflxso.net,93.96.170.50
occ-0-2487-3001.1.nflxso.net,93.96.170.115
occ-2-1705-300.1.nflxso.net,93.96.230.18
occ-0-1103-3002.1.nflxso.net,93.96.231.115
occ-0-1103-3001.1.nflxso.net,93.96.231.115
occ-0-506-383.1.nflxso.net,95.166.111.196
occ-0-506-3802.1.nflxso.net,95.166.111.196
occ-0-1793-1001.1.nflxso.net,95.182.253.178
occ-0-2772-645.1.nflxso.net,97.75.159.174
occ-0-2229-645.1.nflxso.net,97.75.159.178
occ-0-2227-645.1.nflxso.net,97.75.159.182
occ-0-3069-583.1.nflxso.net,101.100.179.242
occ-0-3069-643.1.nflxso.net,101.100.179.242
occ-0-3069-5802.1.nflxso.net,101.100.179.250
occ-0-3069-64.1.nflxso.net,101.100.179.250
occ-0-1120-1704.1.nflxso.net,103.2.116.203
occ-0-1120-1703.1.nflxso.net,103.2.116.203
occ-0-165-2568.1.nflxso.net,103.2.118.60
occ-0-165-1722.1.nflxso.net,103.2.118.60
occ-0-165-1723.1.nflxso.net,103.2.118.62
occ-0-2954-2598.1.nflxso.net,103.13.116.202
occ-0-4106-3251.1.nflxso.net,103.36.19.194
occ-0-4279-3253.1.nflxso.net,103.62.154.30
occ-0-3073-645.1.nflxso.net,103.67.228.35
occ-0-4015-3955.1.nflxso.net,103.91.140.163
occ-0-3494-585.1.nflxso.net,103.101.19.70
occ-0-3494-582.1.nflxso.net,103.101.19.70
occ-0-4842-64.1.nflxso.net,103.119.143.226
occ-0-4842-641.1.nflxso.net,103.119.143.226
occ-0-4842-58.1.nflxso.net,103.119.143.230
occ-0-2797-645.1.nflxso.net,103.211.151.5
occ-0-2797-2186.1.nflxso.net,103.211.151.5
occ-0-2797-581.1.nflxso.net,103.211.151.5
occ-0-2797-2164.1.nflxso.net,103.211.151.18
occ-0-3657-2186.1.nflxso.net,103.224.156.178
occ-2-401-3991.1.nflxso.net,103.252.7.67
occ-1-138-3991.1.nflxso.net,103.252.7.67
occ-0-4019-903.1.nflxso.net,104.237.127.130
occ-0-4019-902.1.nflxso.net,104.237.127.130
occ-0-1255-322.1.nflxso.net,105.187.240.197
occ-2-1570-3252.1.nflxso.net,106.51.156.110
occ-1-1570-3252.1.nflxso.net,106.51.156.110
occ-0-14-1239.1.nflxso.net,108.163.114.233
occ-0-461-3004.1.nflxso.net,109.144.113.29
occ-0-461-3005.1.nflxso.net,109.144.113.29
occ-0-1015-3002.1.nflxso.net,109.159.158.63
occ-0-1015-3001.1.nflxso.net,109.159.158.65
occ-0-1015-300.1.nflxso.net,109.159.158.123
occ-0-4566-641.1.nflxso.net,110.50.81.34
occ-0-4566-581.1.nflxso.net,110.50.81.34
occ-0-4566-58.1.nflxso.net,110.50.81.34
occ-0-4566-5801.1.nflxso.net,110.50.81.34
occ-1-1917-4015.1.nflxso.net,110.93.192.42
occ-0-1917-641.1.nflxso.net,110.93.192.42
occ-2-1917-5803.1.nflxso.net,110.93.192.42
occ-0-1917-645.1.nflxso.net,110.93.192.42
occ-0-1917-643.1.nflxso.net,110.93.192.42
occ-1-1917-4012.1.nflxso.net,110.93.192.42
occ-1-1917-401.1.nflxso.net,110.93.192.42
occ-2-1917-5801.1.nflxso.net,110.93.192.42
occ-0-4708-644.1.nflxso.net,110.164.3.197
occ-0-4708-645.1.nflxso.net,110.164.3.197
occ-0-4422-644.1.nflxso.net,110.164.30.21
occ-0-4422-645.1.nflxso.net,110.164.30.21
occ-0-4422-641.1.nflxso.net,110.164.30.21
occ-0-3844-644.1.nflxso.net,110.164.30.38
occ-0-5384-644.1.nflxso.net,110.164.30.45
occ-0-3587-644.1.nflxso.net,111.119.161.114
occ-0-3417-3955.1.nflxso.net,112.198.26.66
occ-0-3417-325.1.nflxso.net,112.198.26.66
occ-0-4167-584.1.nflxso.net,113.197.109.130
occ-0-4167-645.1.nflxso.net,113.197.109.130
occ-0-4167-582.1.nflxso.net,113.197.109.130
occ-0-4167-5802.1.nflxso.net,113.197.109.131
occ-0-4167-5805.1.nflxso.net,113.197.109.131
occ-0-2974-3952.1.nflxso.net,114.108.204.131
occ-0-2977-3953.1.nflxso.net,114.108.205.130
occ-0-2977-395.1.nflxso.net,114.108.205.131
occ-0-2685-582.1.nflxso.net,115.164.141.68
occ-0-2685-585.1.nflxso.net,115.164.141.68
occ-0-2685-644.1.nflxso.net,115.164.141.69
occ-0-2685-5805.1.nflxso.net,115.164.141.69
occ-0-2685-5804.1.nflxso.net,115.164.141.70
occ-0-4732-582.1.nflxso.net,117.102.76.6
occ-0-4732-58.1.nflxso.net,117.102.76.6
occ-0-4732-641.1.nflxso.net,117.102.76.6
occ-0-4732-5804.1.nflxso.net,117.102.76.6
occ-0-2008-584.1.nflxso.net,117.102.123.174
occ-0-2008-58.1.nflxso.net,117.102.123.174
occ-0-2008-585.1.nflxso.net,117.102.123.174
occ-0-2008-641.1.nflxso.net,117.102.123.230
occ-0-2008-644.1.nflxso.net,117.102.123.230
occ-0-3973-3663.1.nflxso.net,117.219.237.249
occ-0-1476-641.1.nflxso.net,118.136.64.67
occ-0-1476-58.1.nflxso.net,118.136.64.67
occ-0-5338-5804.1.nflxso.net,118.136.64.162
occ-0-5338-583.1.nflxso.net,118.136.64.163
occ-0-5339-5802.1.nflxso.net,118.136.64.170
occ-0-5339-645.1.nflxso.net,118.136.64.171
occ-0-1476-5805.1.nflxso.net,118.136.64.230
occ-0-4421-583.1.nflxso.net,119.30.106.51
occ-0-2339-581.1.nflxso.net,119.46.18.169
occ-0-2339-585.1.nflxso.net,119.46.84.3
occ-0-2340-643.1.nflxso.net,119.46.84.130
occ-0-2340-583.1.nflxso.net,119.46.84.131
occ-0-2340-64.1.nflxso.net,119.46.84.131
occ-0-2340-5801.1.nflxso.net,119.46.84.147
occ-0-2340-581.1.nflxso.net,119.46.84.147
occ-0-1241-5802.1.nflxso.net,119.153.111.67
occ-0-1241-643.1.nflxso.net,119.153.111.68
occ-0-3885-5805.1.nflxso.net,123.136.108.74
occ-0-3885-5801.1.nflxso.net,123.136.108.74
occ-0-4495-582.1.nflxso.net,124.121.163.137
occ-0-4495-5805.1.nflxso.net,124.121.163.137
occ-0-4565-642.1.nflxso.net,124.121.163.145
occ-0-1214-58.1.nflxso.net,125.24.219.2
occ-0-1214-3953.1.nflxso.net,125.24.219.2
occ-0-1214-3951.1.nflxso.net,125.24.219.2
occ-0-1214-64.1.nflxso.net,125.24.219.2
occ-0-1214-582.1.nflxso.net,125.24.219.2
occ-0-1214-581.1.nflxso.net,125.24.219.2
occ-0-1223-3953.1.nflxso.net,125.24.219.130
occ-0-1223-3952.1.nflxso.net,125.24.219.130
occ-0-1223-582.1.nflxso.net,125.24.219.130
occ-0-1223-642.1.nflxso.net,125.24.219.130
occ-0-4095-5801.1.nflxso.net,126.209.3.66
occ-0-4095-3951.1.nflxso.net,126.209.3.66
occ-0-4095-585.1.nflxso.net,126.209.3.66
occ-0-4095-5803.1.nflxso.net,126.209.3.66
occ-0-4095-3953.1.nflxso.net,126.209.3.66
occ-0-4095-581.1.nflxso.net,126.209.3.66
occ-0-104-1001.1.nflxso.net,129.133.240.249
occ-0-1734-3951.1.nflxso.net,130.105.252.131
occ-0-1734-3953.1.nflxso.net,130.105.252.133
occ-0-1735-3955.1.nflxso.net,130.105.252.139
occ-0-4102-58.1.nflxso.net,132.147.113.82
occ-0-4103-641.1.nflxso.net,132.147.113.85
occ-0-4102-582.1.nflxso.net,132.147.113.86
occ-0-4102-5803.1.nflxso.net,132.147.113.86
occ-0-3876-582.1.nflxso.net,136.239.146.2
occ-0-3876-5801.1.nflxso.net,136.239.146.2
occ-0-3565-1490.1.nflxso.net,139.45.192.1
occ-0-3565-1489.1.nflxso.net,139.45.192.5
occ-0-3428-385.1.nflxso.net,139.45.205.7
occ-0-3428-38.1.nflxso.net,139.45.205.11
occ-0-3428-381.1.nflxso.net,139.45.205.13
occ-0-3521-132.1.nflxso.net,142.165.4.78
occ-0-3520-1323.1.nflxso.net,142.165.4.94
occ-0-1804-1325.1.nflxso.net,142.165.4.242
occ-0-1759-1321.1.nflxso.net,142.165.4.250
occ-0-48-1490.1.nflxso.net,144.208.211.67
occ-0-4397-641.1.nflxso.net,149.30.136.66
occ-0-2342-5804.1.nflxso.net,158.140.186.146
occ-0-2342-582.1.nflxso.net,158.140.187.146
occ-0-2342-584.1.nflxso.net,158.140.187.147
occ-0-2342-641.1.nflxso.net,158.140.187.147
occ-0-2342-5803.1.nflxso.net,158.140.187.147
occ-2-2577-2804.1.nflxso.net,161.22.64.220
occ-0-1892-642.1.nflxso.net,161.49.31.2
occ-0-1892-584.1.nflxso.net,161.49.31.50
occ-0-1892-5802.1.nflxso.net,161.49.31.54
occ-0-1892-5805.1.nflxso.net,161.49.31.54
occ-0-1892-5804.1.nflxso.net,161.49.31.58
occ-0-1894-5802.1.nflxso.net,161.49.34.38
occ-0-1894-5803.1.nflxso.net,161.49.34.38
occ-0-1894-582.1.nflxso.net,161.49.34.38
occ-0-1894-5805.1.nflxso.net,161.49.34.38
occ-0-1894-643.1.nflxso.net,161.49.34.46
occ-0-1209-1239.1.nflxso.net,162.211.40.254
occ-0-1209-1322.1.nflxso.net,162.211.40.254
occ-0-3266-1001.1.nflxso.net,162.216.62.209
occ-0-3265-1001.1.nflxso.net,167.206.36.55
occ-0-1950-1701.1.nflxso.net,170.51.243.18
occ-0-3771-990.1.nflxso.net,170.249.156.82
occ-0-2383-905.1.nflxso.net,173.219.17.11
occ-0-2383-904.1.nflxso.net,173.219.17.11
occ-0-1751-1325.1.nflxso.net,173.240.143.246
occ-0-2306-642.1.nflxso.net,175.28.0.130
occ-0-2306-5803.1.nflxso.net,175.28.0.130
occ-0-2306-643.1.nflxso.net,175.28.0.131
occ-0-2306-58.1.nflxso.net,175.28.0.131
occ-0-2306-5802.1.nflxso.net,175.28.0.131
occ-0-660-3004.1.nflxso.net,176.255.229.231
occ-0-1147-3002.1.nflxso.net,176.255.239.163
occ-0-1950-1702.1.nflxso.net,177.21.127.34
occ-0-979-3804.1.nflxso.net,177.54.96.122
occ-1-27-2805.1.nflxso.net,179.6.116.2
occ-1-2577-2805.1.nflxso.net,179.6.116.2
occ-2-2577-2805.1.nflxso.net,179.6.117.155
occ-0-2653-1001.1.nflxso.net,179.40.62.219
occ-0-4088-3954.1.nflxso.net,180.232.4.130
occ-0-4088-3953.1.nflxso.net,180.232.4.130
occ-2-875-185.1.nflxso.net,181.30.134.212
occ-2-875-1853.1.nflxso.net,181.30.247.58
occ-0-1439-2430.1.nflxso.net,181.118.43.142
occ-0-3377-1854.1.nflxso.net,181.119.4.34
occ-0-2296-27.1.nflxso.net,181.174.80.178
occ-0-2484-583.1.nflxso.net,182.79.223.63
occ-0-2484-582.1.nflxso.net,182.79.245.57
occ-2-2484-645.1.nflxso.net,182.79.245.57
occ-0-2484-643.1.nflxso.net,182.79.245.149
occ-1-2484-642.1.nflxso.net,182.79.245.183
occ-0-4542-64.1.nflxso.net,182.93.69.249
occ-0-1242-5803.1.nflxso.net,182.176.255.3
occ-0-1242-5802.1.nflxso.net,182.176.255.3
occ-0-1242-585.1.nflxso.net,182.176.255.3
occ-0-1242-581.1.nflxso.net,182.176.255.4
occ-0-4545-3952.1.nflxso.net,182.239.95.189
occ-0-4545-325.1.nflxso.net,182.239.95.189
occ-0-4545-3255.1.nflxso.net,182.239.95.191
occ-0-3672-3951.1.nflxso.net,182.255.40.82
occ-0-3672-3952.1.nflxso.net,182.255.40.82
occ-0-3672-3955.1.nflxso.net,182.255.40.83
occ-0-2042-3663.1.nflxso.net,183.82.15.129
occ-0-3687-5804.1.nflxso.net,183.91.12.2
occ-0-3687-582.1.nflxso.net,183.91.12.2
occ-0-3687-641.1.nflxso.net,183.91.12.2
occ-0-3687-5803.1.nflxso.net,183.91.12.2
occ-0-3687-64.1.nflxso.net,183.91.12.2
occ-0-858-1009.1.nflxso.net,184.150.14.109
occ-0-171-1001.1.nflxso.net,184.150.14.171
occ-0-171-1009.1.nflxso.net,184.150.14.173
occ-2-748-1001.1.nflxso.net,184.150.15.11
occ-0-748-1001.1.nflxso.net,184.150.15.43
occ-2-748-999.1.nflxso.net,184.150.15.45
occ-0-1485-1009.1.nflxso.net,185.30.72.11
occ-0-4128-3002.1.nflxso.net,185.71.39.213
occ-0-3535-1001.1.nflxso.net,186.47.206.221
occ-1-138-3994.1.nflxso.net,186.80.44.3
occ-0-2577-2802.1.nflxso.net,186.156.254.222
occ-2-1950-1721.1.nflxso.net,186.183.23.197
occ-0-5024-5801.1.nflxso.net,187.14.32.157
occ-0-979-382.1.nflxso.net,187.18.159.26
occ-0-2894-3001.1.nflxso.net,187.44.81.202
occ-0-2845-3001.1.nflxso.net,187.44.81.202
occ-0-2227-642.1.nflxso.net,187.123.28.205
occ-0-2772-642.1.nflxso.net,187.123.28.205
occ-0-1531-255.1.nflxso.net,187.190.244.134
occ-0-1531-2503.1.nflxso.net,187.190.244.135
occ-0-1531-254.1.nflxso.net,187.190.244.137
occ-0-891-1143.1.nflxso.net,187.244.19.16
occ-0-3563-1001.1.nflxso.net,188.47.205.243
occ-0-2509-6161.1.nflxso.net,188.47.213.243
occ-0-27-3043.1.nflxso.net,189.7.208.143
occ-0-398-1163.1.nflxso.net,189.233.236.9
occ-0-398-25.1.nflxso.net,189.247.4.17
occ-0-398-2505.1.nflxso.net,189.247.4.19
occ-0-1027-252.1.nflxso.net,189.247.9.21
occ-0-1027-2502.1.nflxso.net,189.247.9.23
occ-0-1027-254.1.nflxso.net,189.247.9.23
occ-0-1027-2503.1.nflxso.net,189.247.9.25
occ-0-1027-253.1.nflxso.net,189.247.9.27
occ-0-3111-1851.1.nflxso.net,190.98.134.130
occ-0-3111-1163.1.nflxso.net,190.98.134.134
occ-0-2301-284.1.nflxso.net,190.98.156.161
occ-0-2301-1853.1.nflxso.net,190.98.156.161
occ-0-2301-185.1.nflxso.net,190.98.156.161
occ-0-2301-1855.1.nflxso.net,190.98.156.163
occ-0-2577-2803.1.nflxso.net,190.164.254.162
occ-1-27-2803.1.nflxso.net,190.164.254.166
occ-0-615-2705.1.nflxso.net,190.235.155.206
occ-0-709-1001.1.nflxso.net,192.70.222.194
occ-0-1390-300.1.nflxso.net,192.117.120.26
occ-0-1415-905.1.nflxso.net,192.148.237.130
occ-0-1415-903.1.nflxso.net,192.148.237.130
occ-0-1415-90.1.nflxso.net,192.148.237.130
occ-0-1436-1007.1.nflxso.net,192.152.130.134
occ-0-3404-901.1.nflxso.net,192.174.124.2
occ-0-3404-902.1.nflxso.net,192.174.124.2
occ-0-2477-644.1.nflxso.net,192.225.241.228
occ-0-2188-644.1.nflxso.net,192.225.241.228
occ-2-1124-4104.1.nflxso.net,193.212.179.230
occ-2-1124-4101.1.nflxso.net,193.212.179.234
occ-2-1124-412.1.nflxso.net,193.212.179.238
occ-2-1124-411.1.nflxso.net,193.212.179.242
occ-1-1124-414.1.nflxso.net,193.212.179.246
occ-0-1124-4102.1.nflxso.net,193.212.179.246
occ-2-1124-415.1.nflxso.net,193.212.179.246
occ-0-1350-3602.1.nflxso.net,195.8.12.227
occ-0-1350-3605.1.nflxso.net,195.8.21.5
occ-0-1392-3004.1.nflxso.net,195.14.151.84
occ-0-1392-3002.1.nflxso.net,195.14.151.84
occ-0-1388-300.1.nflxso.net,195.14.155.70
occ-0-430-1490.1.nflxso.net,195.202.131.100
occ-0-2628-3402.1.nflxso.net,197.80.129.135
occ-0-2628-324.1.nflxso.net,197.80.129.135
occ-0-2628-32.1.nflxso.net,197.80.129.137
occ-0-2628-323.1.nflxso.net,197.80.129.137
occ-0-2628-344.1.nflxso.net,197.80.129.137
occ-0-2628-34.1.nflxso.net,197.80.129.137
occ-0-1293-32.1.nflxso.net,197.226.224.18
occ-0-4194-341.1.nflxso.net,197.226.224.26
occ-0-4194-324.1.nflxso.net,197.226.224.26
occ-0-3472-344.1.nflxso.net,197.226.224.42
occ-0-3472-3405.1.nflxso.net,197.226.224.42
occ-0-3472-321.1.nflxso.net,197.226.224.50
occ-0-4194-3201.1.nflxso.net,197.226.224.130
occ-1-990-2430.1.nflxso.net,198.38.98.230
occ-0-990-2430.1.nflxso.net,198.38.98.233
occ-0-2151-990.1.nflxso.net,198.38.98.235
occ-0-1029-990.1.nflxso.net,198.38.98.238
occ-0-987-1001.1.nflxso.net,198.38.99.232
occ-0-987-2705.1.nflxso.net,198.38.99.236
occ-0-92-1722.1.nflxso.net,198.38.109.250
occ-0-1009-2430.1.nflxso.net,198.38.112.160
occ-0-1009-990.1.nflxso.net,198.38.112.163
occ-0-1009-1361.1.nflxso.net,198.38.112.163
occ-0-1009-3705.1.nflxso.net,198.38.112.166
occ-0-1009-373.1.nflxso.net,198.38.112.166
occ-0-1009-3702.1.nflxso.net,198.38.112.170
occ-0-4731-1009.1.nflxso.net,198.38.112.171
occ-0-1009-371.1.nflxso.net,198.38.112.176
occ-0-4730-1009.1.nflxso.net,198.38.112.185
occ-2-1009-999.1.nflxso.net,198.38.112.186
occ-0-1009-374.1.nflxso.net,198.38.112.188
occ-0-1009-334.1.nflxso.net,198.38.112.188
occ-1-1007-284.1.nflxso.net,198.38.113.173
occ-2-1007-283.1.nflxso.net,198.38.113.173
occ-0-1007-2430.1.nflxso.net,198.38.113.176
occ-1-1007-28.1.nflxso.net,198.38.113.180
occ-0-1007-3997.1.nflxso.net,198.38.113.183
occ-0-4731-1007.1.nflxso.net,198.38.113.187
occ-1-1007-2802.1.nflxso.net,198.38.113.188
occ-2-1007-2801.1.nflxso.net,198.38.113.189
occ-2-1007-285.1.nflxso.net,198.38.113.189
occ-1-1007-281.1.nflxso.net,198.38.113.189
occ-1-1007-285.1.nflxso.net,198.38.113.191
occ-0-1364-768.1.nflxso.net,198.38.115.198
occ-0-56-300.1.nflxso.net,198.38.120.163
occ-2-56-551.1.nflxso.net,198.38.120.166
occ-0-56-5501.1.nflxso.net,198.38.120.178
occ-1-56-553.1.nflxso.net,198.38.120.185
occ-2-56-55.1.nflxso.net,198.38.120.190
occ-2-56-552.1.nflxso.net,198.38.120.212
occ-2-55-5602.1.nflxso.net,198.38.121.130
occ-0-55-562.1.nflxso.net,198.38.121.134
occ-0-55-5605.1.nflxso.net,198.38.121.168
occ-0-55-5604.1.nflxso.net,198.38.121.170
occ-0-1740-1853.1.nflxso.net,198.45.48.137
occ-0-1145-902.1.nflxso.net,198.49.48.234
occ-0-1145-90.1.nflxso.net,198.49.48.234
occ-0-406-902.1.nflxso.net,198.164.97.54
occ-0-1068-902.1.nflxso.net,198.164.97.54
occ-0-3609-1001.1.nflxso.net,199.109.94.26
occ-0-2227-585.1.nflxso.net,200.104.251.134
occ-0-1428-2433.1.nflxso.net,200.240.237.254
occ-0-3750-1853.1.nflxso.net,201.48.44.161
occ-0-3750-185.1.nflxso.net,201.48.44.161
occ-0-3750-1854.1.nflxso.net,201.48.48.37
occ-0-138-384.1.nflxso.net,201.76.0.115
occ-0-2574-5801.1.nflxso.net,201.78.166.118
occ-0-637-1144.1.nflxso.net,201.174.112.206
occ-0-637-1143.1.nflxso.net,201.174.112.206
occ-0-1840-5804.1.nflxso.net,202.75.140.230
occ-0-2233-643.1.nflxso.net,202.138.184.2
occ-0-1762-64.1.nflxso.net,202.138.184.6
occ-0-2234-645.1.nflxso.net,202.138.184.22
occ-0-2234-642.1.nflxso.net,202.138.184.22
occ-0-2738-642.1.nflxso.net,202.138.184.30
occ-0-2233-395.1.nflxso.net,202.138.184.34
occ-0-2739-325.1.nflxso.net,202.138.184.42
occ-0-1763-643.1.nflxso.net,202.138.184.54
occ-0-4142-645.1.nflxso.net,202.138.184.62
occ-0-4142-643.1.nflxso.net,202.138.184.62
occ-0-1762-325.1.nflxso.net,202.138.184.90
occ-0-2740-395.1.nflxso.net,202.138.184.94
occ-0-1763-641.1.nflxso.net,202.138.184.102
occ-0-2738-3254.1.nflxso.net,202.138.184.106
occ-0-2740-3253.1.nflxso.net,202.138.184.110
occ-0-2740-325.1.nflxso.net,202.138.184.110
occ-0-2739-644.1.nflxso.net,202.138.184.114
occ-0-2739-645.1.nflxso.net,202.138.184.114
occ-0-2233-3251.1.nflxso.net,202.138.184.134
occ-0-2233-325.1.nflxso.net,202.138.184.138
occ-0-1842-581.1.nflxso.net,202.151.252.9
occ-0-1842-64.1.nflxso.net,202.151.252.9
occ-0-1840-585.1.nflxso.net,202.151.252.54
occ-0-1840-644.1.nflxso.net,202.151.252.81
occ-0-1841-584.1.nflxso.net,202.151.252.138
occ-0-1841-64.1.nflxso.net,202.151.252.138
occ-0-1840-64.1.nflxso.net,202.151.252.142
occ-0-5195-5804.1.nflxso.net,202.152.129.50
occ-0-5195-581.1.nflxso.net,202.152.129.60
occ-0-2609-582.1.nflxso.net,202.160.23.110
occ-0-2609-64.1.nflxso.net,202.160.29.214
occ-0-2609-584.1.nflxso.net,202.160.29.214
occ-0-2609-5803.1.nflxso.net,202.160.29.214
occ-0-2553-3953.1.nflxso.net,203.78.37.61
occ-0-3228-58.1.nflxso.net,203.82.75.51
occ-0-3228-5804.1.nflxso.net,203.82.75.51
occ-0-3228-583.1.nflxso.net,203.82.75.51
occ-0-3184-642.1.nflxso.net,203.82.77.82
occ-0-3184-644.1.nflxso.net,203.82.77.83
occ-0-4704-584.1.nflxso.net,203.99.51.162
occ-0-4704-5801.1.nflxso.net,203.99.51.162
occ-0-4704-581.1.nflxso.net,203.99.51.162
occ-0-2912-642.1.nflxso.net,203.116.200.136
occ-0-2912-5805.1.nflxso.net,203.116.200.136
occ-0-2912-58.1.nflxso.net,203.116.200.136
occ-0-2912-5802.1.nflxso.net,203.116.200.139
occ-0-2912-581.1.nflxso.net,203.116.200.139
occ-0-2730-641.1.nflxso.net,203.128.67.220
occ-0-2730-645.1.nflxso.net,203.128.67.220
occ-0-2730-585.1.nflxso.net,203.128.67.220
occ-0-3912-3951.1.nflxso.net,203.133.15.15
occ-0-3912-3955.1.nflxso.net,203.133.15.15
occ-0-4397-643.1.nflxso.net,203.189.119.226
occ-0-4397-585.1.nflxso.net,203.189.119.242
occ-0-4397-58.1.nflxso.net,203.189.119.242
occ-0-4397-5805.1.nflxso.net,203.189.119.242
occ-0-4397-64.1.nflxso.net,203.189.119.242
occ-0-4397-581.1.nflxso.net,203.189.119.242
occ-0-1558-3952.1.nflxso.net,203.198.13.90
occ-0-1558-3252.1.nflxso.net,203.198.13.90
occ-0-4146-325.1.nflxso.net,203.198.80.206
occ-0-4146-3954.1.nflxso.net,203.198.80.206
occ-0-4275-1165.1.nflxso.net,204.16.20.118
occ-0-4275-1143.1.nflxso.net,204.16.20.118
occ-0-860-1009.1.nflxso.net,204.17.140.243
occ-0-2675-5865.1.nflxso.net,205.185.100.234
occ-0-2675-586.1.nflxso.net,205.185.100.234
occ-0-937-1001.1.nflxso.net,205.237.40.250
occ-0-364-1361.1.nflxso.net,206.192.226.141
occ-0-1958-990.1.nflxso.net,208.66.240.162
occ-0-1006-2218.1.nflxso.net,208.76.187.173
occ-0-1068-922.1.nflxso.net,208.88.168.106
occ-0-1051-905.1.nflxso.net,208.180.32.75
occ-0-1051-902.1.nflxso.net,208.180.32.75
occ-0-3258-902.1.nflxso.net,208.180.32.163
occ-0-3258-901.1.nflxso.net,208.180.32.163
occ-0-28-273.1.nflxso.net,209.148.214.18
occ-2-2577-273.1.nflxso.net,209.148.214.18
occ-0-2627-344.1.nflxso.net,209.148.214.125
occ-0-1065-1001.1.nflxso.net,209.148.214.191
occ-0-277-1007.1.nflxso.net,209.165.168.42
occ-0-3219-3254.1.nflxso.net,210.0.153.3
occ-0-3219-3952.1.nflxso.net,210.0.153.4
occ-0-3219-3955.1.nflxso.net,210.0.153.4
occ-0-3219-3953.1.nflxso.net,210.0.153.5
occ-0-4295-3251.1.nflxso.net,210.0.153.11
occ-0-4295-3254.1.nflxso.net,210.0.153.11
occ-0-4796-988.1.nflxso.net,210.98.187.234
occ-0-1475-58.1.nflxso.net,211.25.221.94
occ-0-1475-644.1.nflxso.net,211.25.221.94
occ-0-1474-643.1.nflxso.net,211.25.221.110
occ-0-1474-64.1.nflxso.net,211.25.221.110
occ-0-4035-58.1.nflxso.net,211.25.221.118
occ-0-4035-5803.1.nflxso.net,211.25.221.190
occ-0-4035-641.1.nflxso.net,211.25.221.190
occ-0-4035-585.1.nflxso.net,211.25.221.190
occ-0-1156-300.1.nflxso.net,212.9.14.162
occ-0-1156-3001.1.nflxso.net,212.9.14.162
occ-0-1288-3604.1.nflxso.net,212.18.179.57
occ-0-1288-3605.1.nflxso.net,212.18.179.57
occ-0-1725-300.1.nflxso.net,212.30.5.186
occ-0-2103-1001.1.nflxso.net,212.142.173.98
occ-0-1423-360.1.nflxso.net,212.225.247.22
occ-2-1423-360.1.nflxso.net,212.225.247.22
occ-0-1423-3605.1.nflxso.net,212.225.247.98
occ-0-1934-3601.1.nflxso.net,212.230.122.194
occ-0-2894-3004.1.nflxso.net,213.44.28.97
occ-0-2845-3005.1.nflxso.net,213.44.28.109
occ-0-1607-3005.1.nflxso.net,213.44.28.109
occ-0-2894-3005.1.nflxso.net,213.44.28.111
occ-0-1174-3003.1.nflxso.net,213.104.14.39
occ-0-3629-3004.1.nflxso.net,213.104.101.7
occ-0-1075-3004.1.nflxso.net,213.104.101.17
occ-1-279-3002.1.nflxso.net,213.106.141.135
occ-0-2826-2995.1.nflxso.net,213.121.28.63
occ-0-2827-3005.1.nflxso.net,213.121.30.65
occ-0-1128-1490.1.nflxso.net,213.153.34.17
occ-0-3033-3467.1.nflxso.net,213.157.176.217
occ-0-2922-3002.1.nflxso.net,213.249.243.130
occ-0-2922-300.1.nflxso.net,213.249.243.130
occ-0-2922-3004.1.nflxso.net,213.249.243.130
occ-0-2922-3003.1.nflxso.net,213.249.243.130
occ-0-3863-643.1.nflxso.net,216.16.3.62
occ-0-2109-5902.1.nflxso.net,216.117.224.10
occ-0-2109-5903.1.nflxso.net,216.117.224.10
occ-0-1324-1321.1.nflxso.net,216.221.97.50
occ-0-1324-5903.1.nflxso.net,216.221.97.51
occ-0-2707-784.1.nflxso.net,217.73.128.130
occ-0-1557-3955.1.nflxso.net,219.76.20.86
occ-0-4146-3251.1.nflxso.net,219.76.64.14
occ-0-4146-3254.1.nflxso.net,219.76.67.22
occ-0-4249-581.1.nflxso.net,222.165.170.209
occ-0-4249-64.1.nflxso.net,222.165.170.209
occ-0-4249-642.1.nflxso.net,222.165.170.209
occ-0-4249-582.1.nflxso.net,222.165.170.209
occ-0-3537-3255.1.nflxso.net,222.167.1.225
occ-0-3537-3951.1.nflxso.net,222.167.1.227
occ-0-3537-3955.1.nflxso.net,222.167.1.227
occ-0-4411-3952.1.nflxso.net,222.167.1.229
occ-0-4411-3253.1.nflxso.net,222.167.1.231
occ-0-4411-325.1.nflxso.net,222.167.1.231
occ-0-1349-3605.1.nflxso.net,223.25.4.146
occ-0-3605-3954.1.nflxso.net,223.25.4.146
occ-0-3485-645.1.nflxso.net,223.27.232.74
occ-0-3485-64.1.nflxso.net,223.27.232.75